Benchmark,試行数,平均(sim_ticks),標準偏差(sim_ticks),最小(sim_ticks),変動係数(CV)
fmm,65,14761683051.876923,1407904077.5640619,12283847500,0.09537557964198733
lu,12,54947482708.333336,187608415.5757379,54672522500,0.0034143223006517314
ocean,12,21125118437.5,397739383.47715294,20753472500,0.018827794251373788
radix,12,9925630520.833334,69757738.20397799,9801027500,0.007028040995235563
